<DATE>,<TIME>,<OPEN>,<HIGH>,<LOW>,<CLOSE>,<VOL>
20210428,000000,8.1000000,8.1000000,7.8010000,7.9680000,189400200
20210429,000000,8.0000000,8.0000000,7.8800000,7.9000000,83189000
20210430,000000,7.9440000,7.9650000,7.6510000,7.8800000,81987900
20210504,000000,7.8930000,7.9480000,7.8800000,7.9100000,89184100
20210505,000000,7.8890000,8.0130000,7.8820000,8.0000000,43777600
20210506,000000,7.9980000,8.0000000,7.9000000,8.0000000,28726000
20210507,000000,7.9950000,8.0200000,7.9240000,8.0000000,15047500
20210510,000000,8.0030000,8.0030000,7.9470000,7.9810000,10027700
20210511,000000,7.9760000,8.0000000,7.8900000,7.9940000,35600100
20210512,000000,8.0000000,8.0000000,7.9200000,7.9650000,18808500
20210513,000000,7.9650000,7.9860000,7.9100000,7.9700000,26952800
20210514,000000,7.9700000,7.9750000,7.9200000,7.9510000,12328200
20210517,000000,7.9510000,7.9800000,7.9180000,7.9500000,12619800
20210518,000000,7.9620000,7.9800000,7.9050000,7.9260000,30065800
20210519,000000,7.9500000,7.9710000,7.9090000,7.9500000,24438600
20210520,000000,7.9350000,8.0150000,7.6000000,7.9940000,56061900
20210521,000000,7.9960000,7.9960000,7.9200000,7.9600000,24603200
20210524,000000,7.9590000,7.9970000,7.9220000,7.9900000,58125900
20210525,000000,7.9900000,7.9970000,7.9350000,7.9700000,25352000
20210526,000000,7.9700000,7.9800000,7.9350000,7.9700000,17751900
20210527,000000,7.9510000,8.0000000,7.9350000,8.0000000,40488700
20210528,000000,7.9890000,7.9890000,7.7450000,7.8000000,24162800
20210531,000000,7.8470000,7.9200000,7.8060000,7.8240000,8568700
20210601,000000,7.8790000,7.9060000,7.8510000,7.8600000,5603600
20210602,000000,7.8790000,7.8790000,7.8000000,7.8000000,8139000
20210603,000000,7.8450000,7.8750000,7.7200000,7.7670000,7447000
20210604,000000,7.7840000,7.7960000,7.6300000,7.6590000,10149300
20210607,000000,7.6630000,7.7480000,7.6000000,7.6000000,8921500
20210608,000000,7.6100000,7.7180000,7.5600000,7.6120000,16279100
20210609,000000,7.6160000,7.8990000,7.5710000,7.8940000,12800900
20210610,000000,7.8840000,7.9440000,7.8220000,7.9310000,21782600
20210611,000000,7.9260000,7.9500000,7.9260000,7.9490000,5665900
20210614,000000,7.9690000,7.9970000,7.8510000,7.9650000,5735600
20210615,000000,7.9650000,7.9670000,7.8310000,7.8690000,13566700
20210616,000000,7.8900000,7.8910000,7.7720000,7.7830000,3808400
20210617,000000,7.8400000,7.8840000,7.7280000,7.7740000,4262100
20210618,000000,7.7740000,7.8020000,7.6020000,7.6030000,7216300
20210621,000000,7.6670000,7.7290000,7.6660000,7.6800000,3262200
20210622,000000,7.7050000,7.7280000,7.6150000,7.6600000,3858000
20210623,000000,7.6690000,7.7000000,7.6330000,7.6850000,7875500
20210624,000000,7.7160000,7.7480000,7.5540000,7.6000000,15691800
20210625,000000,7.6210000,7.6740000,7.5520000,7.5540000,9844200
20210628,000000,7.5900000,7.6700000,7.5220000,7.6300000,4543700
20210629,000000,7.6000000,7.6280000,7.4600000,7.5230000,15831900
20210630,000000,7.5450000,7.6480000,7.5000000,7.6200000,5233300
20210701,000000,7.6200000,7.6910000,7.6000000,7.6520000,4174200
20210702,000000,7.6200000,7.6520000,7.5620000,7.5630000,3562200
20210705,000000,7.6010000,7.6520000,7.5100000,7.6500000,4885200
20210706,000000,7.6540000,7.6630000,7.5550000,7.5560000,10046700
20210707,000000,7.5590000,7.6230000,7.5000000,7.5550000,6500000
20210708,000000,7.5500000,7.5660000,7.4500000,7.4550000,10849900
20210709,000000,7.4650000,7.4930000,7.3910000,7.4500000,6163300
20210712,000000,7.4470000,7.4500000,7.3910000,7.4210000,5537100
20210713,000000,7.4500000,7.5260000,7.3950000,7.4000000,7000000
20210714,000000,7.4550000,7.4550000,7.2860000,7.2910000,9324000
20210715,000000,7.3030000,7.3030000,7.2000000,7.2050000,9163900
20210716,000000,7.2050000,7.2900000,7.1240000,7.1860000,5215600
20210719,000000,7.1860000,7.2300000,6.8040000,6.8050000,17285500
20210720,000000,6.8870000,7.0440000,6.8260000,6.9500000,5773900
20210721,000000,7.0440000,7.0630000,6.7700000,7.0270000,14131200
20210722,000000,7.0890000,7.3000000,7.0310000,7.2890000,6076900
20210723,000000,7.3230000,7.4600000,7.3010000,7.4100000,5844300
20210726,000000,7.4170000,7.5490000,7.0410000,7.2330000,7313300
20210727,000000,7.3500000,7.3950000,7.2310000,7.2860000,3200500
20210728,000000,7.2870000,7.4490000,7.2870000,7.3800000,2563700
20210729,000000,7.3800000,7.5100000,7.3490000,7.4600000,5654700
20210730,000000,7.4040000,7.5200000,7.2800000,7.3500000,5142300
20210802,000000,7.3570000,7.4510000,7.3510000,7.3660000,2641200
20210803,000000,7.4460000,7.4460000,7.2960000,7.3210000,3054100
20210804,000000,7.3370000,7.3990000,7.2110000,7.3420000,4132800
20210805,000000,7.3490000,7.3900000,7.2130000,7.3400000,4487200
20210806,000000,7.3930000,7.4390000,7.2210000,7.2500000,5281900
20210809,000000,7.2820000,7.3000000,7.1320000,7.1700000,6231300
20210810,000000,7.2250000,7.2940000,7.1820000,7.2190000,2942800
20210811,000000,7.2260000,7.3100000,7.2260000,7.3100000,3407700
20210812,000000,7.3100000,7.3600000,7.2200000,7.2300000,3133100
20210813,000000,7.2960000,7.3060000,7.2000000,7.2300000,5644000
20210816,000000,7.2330000,7.2920000,7.1500000,7.1610000,2825200
20210817,000000,7.1600000,7.3000000,7.1430000,7.2110000,5001800
20210818,000000,7.2700000,7.2700000,7.2000000,7.2300000,2061000
20210819,000000,7.2280000,7.5200000,7.1100000,7.3200000,7006400
20210820,000000,7.3930000,7.4670000,7.2540000,7.4500000,5015600
20210823,000000,7.4600000,7.6050000,7.4510000,7.5300000,20014600
20210824,000000,7.5310000,7.7350000,7.4900000,7.6900000,17083400
20210825,000000,7.7000000,8.0500000,7.6920000,8.0050000,30672200
20210826,000000,8.0050000,8.0400000,7.7500000,8.0290000,19072700
20210827,000000,8.0680000,8.3400000,7.9240000,8.1810000,42830900
20210830,000000,8.2130000,8.9500000,8.2130000,8.6880000,60096200
20210831,000000,8.6880000,9.0000000,8.2900000,8.4630000,59227100
20210901,000000,8.5450000,8.6950000,8.5000000,8.6210000,23651500
20210902,000000,8.6210000,8.7960000,8.5010000,8.5570000,22286600
20210903,000000,8.6700000,8.8800000,8.5610000,8.8210000,29448400
20210906,000000,8.8690000,8.9940000,8.7900000,8.9940000,37685600
20210907,000000,8.9940000,9.0000000,8.6520000,8.9380000,31498000
20210908,000000,8.9600000,8.9600000,8.7250000,8.8690000,11677900
20210909,000000,8.8700000,8.8800000,8.5770000,8.6370000,18113400
20210910,000000,8.6400000,8.8000000,8.6250000,8.6810000,11813300
20210913,000000,8.7500000,8.8800000,8.7100000,8.8170000,14777200
20210914,000000,8.8400000,8.9000000,8.7300000,8.8050000,13763100
20210915,000000,8.8070000,8.8800000,8.6200000,8.7020000,36303900
20210916,000000,8.7020000,8.7820000,8.6860000,8.6860000,13989600
20210917,000000,8.7000000,8.8190000,8.5060000,8.7800000,42695400
20210920,000000,8.7960000,8.8030000,8.4500000,8.5360000,29728600
20210921,000000,8.5360000,8.6610000,8.4840000,8.5080000,8299000
20210922,000000,8.5080000,8.6300000,8.5080000,8.5710000,13163400
20210923,000000,8.6090000,8.8000000,8.5860000,8.6390000,15259300
20210924,000000,8.6800000,8.7880000,8.6610000,8.6830000,10517700
20210927,000000,8.7200000,8.8880000,8.6900000,8.7970000,21709700
20210928,000000,8.8310000,8.8350000,8.6530000,8.7170000,9787200
20210929,000000,8.7170000,8.7980000,8.6820000,8.7000000,7103400
20210930,000000,8.7380000,8.8220000,8.7000000,8.7880000,10825600
20211001,000000,8.8070000,8.8130000,8.6900000,8.6960000,9005200
20211004,000000,8.6910000,8.7900000,8.6880000,8.7280000,6970200
20211005,000000,8.7200000,8.8100000,8.7010000,8.7540000,14577700
20211006,000000,8.7540000,8.7970000,8.6900000,8.7700000,11771700
20211007,000000,8.7700000,9.0000000,8.7490000,8.9710000,36891500
20211008,000000,8.9800000,9.5000000,8.9530000,9.4810000,66341900
20211011,000000,9.8120000,10.0910000,9.6500000,9.9900000,138482200
20211012,000000,10.0200000,10.0990000,9.5820000,9.7800000,53921700
20211013,000000,9.8250000,10.5000000,9.7700000,10.3590000,77460800
20211014,000000,10.3490000,11.0200000,10.3100000,10.4510000,129785800
20211015,000000,10.5510000,10.8810000,10.4680000,10.7500000,38494700
20211018,000000,10.8890000,11.4790000,10.7500000,11.1340000,92671800
20211019,000000,11.2250000,11.4800000,10.5350000,11.0000000,67965100
20211020,000000,11.0240000,11.3760000,11.0110000,11.3010000,32145100
20211021,000000,11.4000000,11.4000000,10.7830000,10.8700000,45859800
20211022,000000,10.9990000,11.0000000,10.5510000,10.7500000,29773700
20211025,000000,10.8590000,11.0000000,10.7510000,10.8500000,13757500
20211026,000000,10.8990000,10.9860000,10.7500000,10.8900000,20531600
20211027,000000,10.8750000,10.8790000,10.4000000,10.5160000,25042200
20211028,000000,10.5380000,10.5470000,9.9050000,10.1350000,56242800
20211029,000000,10.1980000,10.2970000,9.6880000,9.8540000,32551500
20211101,000000,9.8750000,10.6670000,9.8750000,10.5160000,40059100
20211102,000000,10.7230000,11.0500000,10.1000000,10.3200000,72531900
20211103,000000,10.3500000,10.5680000,10.1120000,10.2010000,22334900
20211105,000000,10.3290000,10.4990000,10.2250000,10.3010000,14332900
20211108,000000,10.4990000,10.5000000,10.2110000,10.2610000,17294200
20211109,000000,10.2800000,10.8000000,10.2180000,10.7500000,43051800
20211110,000000,10.8600000,11.2000000,10.7450000,10.7900000,41812000
20211111,000000,10.8030000,10.8930000,10.2290000,10.7290000,27438200
20211112,000000,10.9140000,11.1970000,10.5950000,10.8610000,57700800
20211115,000000,10.9950000,11.1790000,10.8000000,10.8970000,33145300
20211116,000000,10.9790000,11.1480000,10.5590000,10.8610000,27504400
20211117,000000,10.8800000,10.9980000,10.7010000,10.8890000,12094100
20211118,000000,10.8890000,10.9860000,10.8410000,10.9090000,17740300
20211119,000000,10.9500000,11.1500000,10.0520000,10.5760000,47868400
20211122,000000,10.6450000,10.8870000,9.8800000,10.0500000,73370600
20211123,000000,10.0630000,10.3800000,9.6360000,10.0990000,76957200
20211124,000000,10.1780000,10.4500000,10.0890000,10.2850000,31274100
20211125,000000,10.3800000,10.6960000,10.2210000,10.4510000,26781500
20211126,000000,10.2910000,10.3680000,10.0050000,10.1000000,19606600
20211129,000000,10.2300000,10.6800000,10.1110000,10.6290000,32544800
20211130,000000,10.5040000,10.7800000,10.2500000,10.6000000,92005600
20211201,000000,10.6700000,10.8000000,10.6180000,10.7500000,34932900
20211202,000000,10.7500000,10.8000000,10.6310000,10.6700000,24280400
20211203,000000,10.7490000,10.8960000,10.5580000,10.6790000,12915200
20211206,000000,10.7020000,10.8390000,10.3200000,10.6900000,16153400
20211207,000000,10.7490000,10.8350000,10.4580000,10.8000000,17667300
20211208,000000,10.8540000,11.1000000,10.6940000,10.7590000,25610600
20211209,000000,10.7590000,10.8990000,10.7130000,10.7800000,13359800
20211210,000000,10.7850000,10.8590000,10.7290000,10.8000000,11929700
20211213,000000,10.8490000,10.8980000,10.3280000,10.4730000,26184500
20211214,000000,10.3980000,10.7020000,10.1010000,10.5800000,22109000
20211215,000000,10.7200000,10.8830000,10.4100000,10.8020000,24079700
20211216,000000,10.9100000,10.9500000,10.7000000,10.8850000,24334200
20211217,000000,10.8840000,11.1190000,10.6700000,10.6700000,124065900
20211220,000000,10.6890000,10.8580000,10.5010000,10.8140000,20517600
20211221,000000,10.8180000,11.0700000,10.7300000,10.8660000,27389800
20211222,000000,10.8900000,11.0000000,10.8110000,10.9310000,15096800
20211223,000000,10.9860000,11.0100000,10.9010000,10.9430000,25690600
20211224,000000,10.9500000,10.9770000,10.8400000,10.9280000,7732200
20211227,000000,10.9650000,10.9870000,10.9170000,10.9400000,18394400
20211228,000000,10.9500000,11.1840000,10.8770000,11.0600000,32350000
20211229,000000,11.1410000,11.2890000,11.0020000,11.0840000,18831500
20211230,000000,11.1990000,11.2340000,11.0670000,11.0900000,29379600
20220103,000000,11.1730000,11.3000000,10.9520000,11.0700000,25980900
20220104,000000,11.0700000,11.2000000,11.0010000,11.0800000,20687300
20220105,000000,10.7570000,11.0380000,10.6300000,10.9070000,22916300
20220106,000000,10.8000000,10.8990000,10.6000000,10.6220000,18274300
20220110,000000,10.6070000,10.8250000,10.6000000,10.7250000,15846700
20220111,000000,10.7310000,10.8250000,10.6230000,10.6660000,16860000
20220112,000000,10.6580000,10.7490000,10.6340000,10.6760000,16498100
20220113,000000,10.6640000,10.8680000,10.6300000,10.6300000,21715000
20220114,000000,10.7990000,10.7990000,10.2300000,10.4500000,72641700
20220117,000000,10.5280000,10.7230000,10.0400000,10.2050000,39739000
20220118,000000,10.2000000,10.2050000,9.5600000,9.9190000,39448000
20220119,000000,9.9290000,10.4000000,9.6310000,9.7610000,33263900
20220120,000000,9.9650000,10.2000000,9.8000000,10.0450000,22299400
20220121,000000,9.9890000,10.0400000,9.8010000,9.8010000,26174300
20220124,000000,9.9160000,9.9160000,9.0000000,9.3540000,36951900
20220125,000000,9.5090000,9.7500000,9.1230000,9.2360000,19740200
20220126,000000,9.4730000,9.8750000,9.2740000,9.7610000,24486000
20220127,000000,9.7900000,10.1130000,9.6620000,9.9200000,17772100
20220128,000000,10.0990000,10.3000000,9.9430000,9.9990000,24199000
20220131,000000,10.0100000,10.1890000,9.9210000,9.9840000,19592300
20220201,000000,10.1480000,10.1480000,9.7040000,9.8200000,12793100
20220202,000000,9.9490000,9.9490000,9.6730000,9.7170000,10372600
20220203,000000,9.6750000,9.6950000,9.2410000,9.4000000,23465700
20220204,000000,9.4140000,9.7290000,9.4000000,9.5960000,22143500
20220207,000000,9.5960000,9.7600000,9.4760000,9.6990000,11274200
20220208,000000,9.7400000,9.9760000,9.7110000,9.9760000,11599700
20220209,000000,9.9880000,10.2490000,9.9650000,10.1500000,15835900
20220210,000000,10.1500000,10.1840000,9.9210000,10.1150000,7626900
20220211,000000,9.8640000,10.0600000,9.6700000,9.7790000,9819100
20220214,000000,9.6620000,9.9850000,9.5700000,9.6900000,13496600
20220215,000000,9.9880000,10.0890000,9.6900000,9.9400000,16020500
20220216,000000,10.0150000,10.2470000,9.9400000,9.9720000,15857400
20220217,000000,9.9000000,9.9320000,9.7490000,9.8140000,12271300
20220218,000000,9.8990000,9.9900000,9.1500000,9.4500000,16301900
20220221,000000,9.7650000,9.9500000,8.0500000,8.5010000,51864300
20220222,000000,8.2330000,8.7100000,7.5400000,8.6000000,58072000
20220224,000000,7.6100000,8.0000000,6.0500000,6.6030000,66053500
20220225,000000,7.2630000,8.3180000,7.1010000,7.7400000,39115200
20220328,000000,8.0000000,8.4990000,7.1480000,8.2000000,48866500
20220329,000000,8.4400000,9.6270000,8.2000000,8.6500000,53295900
20220330,000000,9.3990000,9.4000000,8.7000000,8.8500000,21980000
20220331,000000,9.0500000,9.6890000,8.9400000,9.5480000,43814100
20220401,000000,9.6500000,10.0000000,9.5480000,9.6280000,32895600
20220404,000000,9.7470000,9.9000000,9.0000000,9.5310000,30682200
20220405,000000,9.5990000,9.6200000,8.7170000,9.0830000,27324100
20220406,000000,9.0180000,9.4490000,8.7800000,9.2240000,15723400
20220407,000000,9.3050000,9.3900000,8.8050000,9.1800000,15895100
20220408,000000,9.1900000,9.2930000,8.8000000,8.9700000,11039500
20220411,000000,9.0940000,9.0940000,8.8500000,8.8550000,8679300
20220412,000000,8.8200000,8.9010000,8.4000000,8.6300000,25381600
20220413,000000,8.6990000,8.8760000,8.5010000,8.5980000,10838300
20220414,000000,8.6700000,8.7700000,8.4390000,8.5120000,15640600
20220415,000000,8.5130000,9.1230000,8.2120000,8.8950000,43398100
20220418,000000,8.9870000,9.1000000,8.8800000,8.9340000,16261400
20220419,000000,8.9330000,8.9600000,8.4600000,8.8200000,18449300
20220420,000000,8.8600000,8.9900000,8.7400000,8.8250000,9439600
20220421,000000,8.8550000,8.9810000,8.8000000,8.9300000,8104200
20220422,000000,8.9300000,8.9900000,8.7120000,8.7700000,7292600
20220425,000000,8.7900000,8.8000000,8.5500000,8.6390000,7788800
20220426,000000,8.6410000,8.8640000,8.5800000,8.7960000,13819000
20220427,000000,8.7990000,8.9780000,8.7020000,8.9400000,8765900
20220428,000000,8.9890000,9.4000000,8.9770000,9.0330000,17574300
20220429,000000,9.0500000,9.2980000,9.0030000,9.1540000,8306000
20220504,000000,9.1500000,9.2600000,8.8010000,8.9530000,12415500
20220505,000000,8.9900000,9.2000000,8.8400000,9.0250000,9362200
20220506,000000,9.0850000,9.0850000,8.9200000,9.0060000,5450000
20220511,000000,9.0200000,9.2000000,9.0120000,9.0990000,8809100
20220512,000000,9.1220000,9.1390000,8.8970000,8.9700000,8520600
20220513,000000,8.9700000,9.0380000,8.9000000,8.9860000,5524800
20220516,000000,9.0080000,9.1760000,8.9800000,9.0910000,11669800
20220517,000000,9.1070000,9.1480000,9.0070000,9.0500000,12030200
20220518,000000,9.0960000,9.1500000,9.0510000,9.1020000,15467200
20220519,000000,9.1480000,9.1880000,8.9400000,9.0000000,20916400
20220520,000000,9.1010000,9.1500000,8.9160000,9.0100000,18427900
20220523,000000,9.0100000,9.0150000,8.3000000,8.9540000,13678000
20220524,000000,8.9600000,9.0000000,8.8210000,8.8950000,10290200
20220525,000000,8.9500000,8.9500000,8.8040000,8.8560000,15617700
20220526,000000,8.8590000,8.9360000,8.7550000,8.8200000,24187000
20220527,000000,8.8200000,9.0000000,8.8110000,8.9840000,25074700
20220530,000000,9.1490000,9.2400000,8.9100000,8.9990000,38274600
20220531,000000,9.0200000,9.0200000,8.9100000,9.0000000,31482200
20220601,000000,8.2000000,8.7000000,7.8000000,8.5000000,47818600
20220602,000000,8.5650000,8.5680000,8.2190000,8.2210000,15212800
20220603,000000,8.2020000,8.4050000,8.1510000,8.3220000,15526100
20220606,000000,8.4000000,8.4000000,8.2520000,8.3690000,14232700
20220607,000000,8.3900000,8.4000000,8.2170000,8.3220000,16220300
20220608,000000,8.4690000,8.4750000,8.3250000,8.4240000,18828700
20220609,000000,8.4000000,8.4230000,8.3000000,8.3230000,8814600
20220610,000000,8.3720000,8.3790000,8.1670000,8.2140000,11504400
20220614,000000,8.2010000,8.2880000,7.9500000,8.0250000,23223900
20220615,000000,8.0300000,8.0730000,7.9900000,8.0200000,11445800
20220616,000000,8.0490000,8.2890000,8.0130000,8.2510000,27304600
20220617,000000,8.3190000,8.4790000,8.2500000,8.2840000,16820200
20220620,000000,8.3330000,8.5960000,8.3010000,8.5740000,29348100
20220621,000000,8.6000000,8.8730000,8.5480000,8.6620000,37894900
20220622,000000,8.6660000,8.6980000,8.3470000,8.5690000,15750600
20220623,000000,8.5960000,8.6690000,8.4000000,8.4990000,15325700
20220624,000000,8.4900000,8.5300000,8.3160000,8.3540000,12450400
20220627,000000,8.3910000,8.4910000,8.2010000,8.3590000,16600700
20220628,000000,8.3600000,8.4750000,8.2500000,8.3100000,13491300
20220629,000000,8.3300000,8.3480000,8.0900000,8.2070000,11413900
20220630,000000,8.2100000,8.3400000,7.9220000,8.0700000,23721400
20220701,000000,8.0710000,8.1070000,7.8750000,8.0880000,11214900
20220704,000000,8.0860000,8.1000000,7.9500000,8.0410000,10040100
20220705,000000,8.0500000,8.2750000,8.0070000,8.1720000,15352200
20220706,000000,8.2220000,8.2370000,7.9000000,8.0900000,9092600
20220707,000000,8.1490000,8.2190000,8.1000000,8.1810000,9718300
20220708,000000,8.1800000,8.2750000,8.1000000,8.1490000,10111900
20220711,000000,8.1560000,8.1600000,7.9900000,8.0160000,12423400
20220712,000000,8.0110000,8.0740000,7.5850000,7.8000000,28976800
20220713,000000,7.8180000,7.8570000,7.5000000,7.5350000,14578000
20220714,000000,7.5340000,8.1630000,7.4100000,7.9220000,42110000
20220715,000000,7.9510000,7.9850000,7.6300000,7.8490000,25739100
20220718,000000,7.9010000,7.9210000,7.6400000,7.6830000,10357500
20220719,000000,7.7400000,7.7490000,7.5310000,7.6220000,7697400
20220720,000000,7.6900000,7.8030000,7.6200000,7.6510000,9912300
20220721,000000,7.7190000,7.7190000,7.5510000,7.6080000,7069300
20220722,000000,7.6100000,7.6800000,7.5630000,7.5780000,10493700
20220725,000000,7.6070000,7.6070000,7.5000000,7.5900000,12095100
20220726,000000,7.6060000,7.7500000,7.5830000,7.6810000,18726000
20220727,000000,7.7970000,7.9100000,7.6220000,7.8190000,30407700
20220728,000000,7.8500000,7.8900000,7.7800000,7.8560000,9426300
20220729,000000,7.8410000,8.0000000,7.7100000,7.8500000,14817900
20220801,000000,7.8040000,7.8500000,7.6350000,7.6500000,13129000
20220802,000000,7.6680000,7.8000000,7.5700000,7.7010000,10028900
20220803,000000,7.7680000,7.8000000,7.6500000,7.6600000,6450000
20220804,000000,7.7000000,7.7000000,7.5720000,7.5950000,8637400
20220805,000000,7.5980000,7.6100000,7.4000000,7.4390000,12515600
20220808,000000,7.6100000,7.6100000,7.4050000,7.4520000,12505700
20220809,000000,7.4740000,7.5790000,7.4020000,7.5290000,8906100
20220810,000000,7.5300000,7.5960000,7.4640000,7.5360000,8676200
20220811,000000,7.5400000,7.7420000,7.5000000,7.6200000,20095100
20220812,000000,7.6010000,7.7100000,7.4610000,7.5090000,23813200
20220815,000000,7.5090000,7.5480000,7.4950000,7.5240000,7096100
20220816,000000,7.5270000,7.7040000,7.5240000,7.6400000,19448800
20220817,000000,7.6790000,7.7000000,7.5200000,7.5360000,14794400
20220818,000000,7.5410000,7.5900000,7.5200000,7.5520000,7189500
20220819,000000,7.5790000,7.5790000,7.5000000,7.5060000,8815300
20220822,000000,7.5500000,7.6400000,7.5200000,7.5950000,16160400
20220823,000000,7.6090000,7.6500000,7.5000000,7.5590000,28536600
20220824,000000,7.5940000,7.6200000,7.5240000,7.5400000,14401300
20220825,000000,7.6030000,7.6300000,7.5450000,7.6300000,38131100
20220826,000000,8.0500000,8.1000000,7.4400000,7.4800000,218554000
20220829,000000,7.4950000,7.5000000,7.4110000,7.4320000,49319500
20220830,000000,7.4320000,7.4840000,7.2900000,7.3300000,49589500
20220831,000000,7.3300000,7.3600000,7.2010000,7.2400000,44947000
20220901,000000,7.2590000,7.3830000,7.2160000,7.2610000,34421000
20220902,000000,7.2620000,7.2850000,7.1300000,7.2260000,72026100
20220905,000000,7.2980000,7.3000000,7.1900000,7.2800000,36180700
20220906,000000,7.3100000,7.4700000,7.1280000,7.2100000,98822100
20220907,000000,7.2120000,7.2480000,7.1500000,7.1520000,34388600
20220908,000000,7.1680000,7.1870000,7.0540000,7.0870000,39100000
20220909,000000,7.1050000,7.1570000,7.0600000,7.0950000,26052900
20220912,000000,7.1190000,7.1840000,7.0900000,7.1000000,29325400
20220913,000000,7.1000000,7.1390000,7.0320000,7.0510000,26358900
20220914,000000,7.2340000,7.3180000,7.0800000,7.1100000,59639500
20220915,000000,7.1200000,7.1310000,7.0490000,7.0540000,31076000
20220916,000000,7.0640000,7.0800000,6.9700000,6.9910000,68881700
20220919,000000,6.9700000,6.9940000,6.8600000,6.9150000,41570400
20220920,000000,6.9180000,6.9360000,6.1140000,6.3870000,103886800
20220921,000000,6.0500000,6.4410000,5.2500000,6.0510000,129958100
20220922,000000,6.0820000,6.3000000,6.0000000,6.0760000,43884700
20220923,000000,6.1080000,6.1740000,5.6030000,5.6780000,53195200
20220926,000000,5.6190000,5.6490000,4.8000000,5.1290000,85000000
20220927,000000,5.0960000,5.3320000,4.9020000,5.0040000,72718000
20220928,000000,5.0990000,5.3300000,4.9990000,5.0690000,36556600
20220929,000000,5.1590000,5.2900000,4.8000000,4.8930000,45703600
20220930,000000,4.9600000,5.0000000,4.6600000,4.7700000,52859400
20221003,000000,4.9000000,5.0950000,4.8280000,5.0350000,38463700
20221004,000000,5.0980000,5.1900000,4.9400000,5.0050000,30414800
20221005,000000,5.0500000,5.0500000,4.8000000,4.8880000,30221500
20221006,000000,4.9300000,4.9490000,4.8800000,4.8950000,12627700
20221007,000000,4.8900000,4.8930000,4.7130000,4.7370000,20315900
20221010,000000,4.5510000,4.7940000,4.4000000,4.7220000,31939100
20221011,000000,4.7670000,4.8090000,4.7000000,4.7740000,19841100
20221012,000000,4.8050000,4.9900000,4.7940000,4.9000000,38210100
20221013,000000,4.8900000,4.9460000,4.8320000,4.8800000,19616500
20221014,000000,4.9080000,4.9200000,4.8340000,4.8620000,15135300
20221017,000000,4.9780000,4.9780000,4.8770000,4.9120000,32716600
20221018,000000,4.9700000,5.0350000,4.9200000,4.9570000,41293700
20221019,000000,4.9120000,4.9270000,4.7000000,4.8140000,26859000
20221020,000000,4.8800000,4.9440000,4.7800000,4.8590000,25527600
20221021,000000,4.8600000,4.9070000,4.8210000,4.8960000,18674100
20221024,000000,4.9010000,4.9790000,4.8720000,4.9390000,29790600
20221025,000000,4.9670000,5.3600000,4.9020000,5.2850000,184738500
20221026,000000,5.2390000,5.5900000,5.1510000,5.3620000,189487400
20221027,000000,5.4000000,5.5300000,5.2500000,5.3000000,107622100
20221028,000000,5.2540000,5.2670000,5.1300000,5.2190000,68333200
20221031,000000,5.2400000,5.3530000,5.2220000,5.3030000,88482800
20221101,000000,5.2750000,5.3480000,5.1700000,5.2410000,64887100
20221102,000000,5.2540000,5.2600000,5.1700000,5.2000000,35900300
20221103,000000,5.1960000,5.1970000,5.0010000,5.0850000,61511700
20221107,000000,5.1540000,5.2040000,5.1000000,5.1520000,60091700
20221108,000000,5.1720000,5.1770000,5.0680000,5.0800000,35117000
20221109,000000,5.1010000,5.1300000,5.0000000,5.0000000,49329700
20221110,000000,4.9990000,5.1580000,4.9490000,5.0450000,53314000
20221111,000000,5.0810000,5.0840000,5.0000000,5.0230000,31810300
20221114,000000,5.0520000,5.1940000,5.0350000,5.1150000,64470600
20221115,000000,5.1150000,5.1780000,5.0510000,5.0840000,28266400
20221116,000000,5.0490000,5.0690000,4.9560000,5.0310000,67949300
20221117,000000,5.0610000,5.0770000,5.0100000,5.0180000,21275900
20221118,000000,5.0310000,5.0450000,5.0010000,5.0180000,14744700
20221121,000000,5.0200000,5.0660000,4.9510000,4.9520000,43900100
20221122,000000,4.9800000,5.0000000,4.9520000,4.9600000,18083600
20221123,000000,4.9680000,5.0220000,4.9620000,4.9760000,22764300
20221124,000000,4.9800000,5.0100000,4.9650000,4.9750000,22448300
20221125,000000,4.9760000,4.9990000,4.9680000,4.9850000,16195100
20221128,000000,4.9820000,4.9840000,4.9010000,4.9120000,29913300
20221129,000000,4.9350000,4.9650000,4.9270000,4.9440000,11663200
20221130,000000,4.9560000,4.9680000,4.9200000,4.9210000,12559000
20221201,000000,4.9210000,4.9400000,4.9120000,4.9240000,16868500
20221202,000000,4.9280000,4.9280000,4.8700000,4.8800000,20458100
20221205,000000,4.8900000,4.9550000,4.8810000,4.9190000,40215100
20221206,000000,4.9250000,4.9400000,4.8750000,4.8830000,18574000
20221207,000000,4.8800000,4.8820000,4.7220000,4.7900000,49935200
20221208,000000,4.8100000,4.8100000,4.7010000,4.7280000,39855700
20221209,000000,4.7040000,4.7590000,4.6010000,4.6050000,61930200
20221212,000000,4.6020000,4.6230000,4.4100000,4.4350000,93575000
20221213,000000,4.4400000,4.5370000,4.3450000,4.4120000,122629600
20221214,000000,4.4490000,4.4490000,4.3560000,4.3900000,39580700
20221215,000000,4.3750000,4.4010000,4.2380000,4.2780000,52319000
20221216,000000,4.2750000,4.3500000,4.2100000,4.3140000,40723300
20221219,000000,4.3100000,4.5530000,4.3040000,4.4980000,115494000
20221220,000000,4.5460000,4.7970000,4.4720000,4.7270000,85831900
20221221,000000,4.7610000,4.8800000,4.5150000,4.5860000,90364800
20221222,000000,4.6400000,4.7600000,4.5590000,4.5600000,48703500
20221223,000000,4.5830000,4.6200000,4.4490000,4.5000000,47010300
20221226,000000,4.5920000,4.7200000,4.5560000,4.6350000,39721600
20221227,000000,4.6750000,4.7180000,4.6320000,4.6660000,39132100
20221228,000000,4.6790000,4.6940000,4.5640000,4.5800000,25167000
20221229,000000,4.5810000,4.6390000,4.5120000,4.6110000,17822200
20221230,000000,4.6180000,4.6450000,4.5500000,4.5760000,16622800
20230103,000000,4.5790000,4.6720000,4.5750000,4.6550000,13153900
20230104,000000,4.6650000,4.7340000,4.6120000,4.6700000,14648000
20230105,000000,4.6750000,4.6950000,4.6300000,4.6440000,10030800
20230106,000000,4.6490000,4.6490000,4.6020000,4.6340000,6369600
20230109,000000,4.6390000,4.8420000,4.6350000,4.7810000,52856000
20230110,000000,4.7960000,4.8060000,4.6910000,4.7700000,22644600
20230111,000000,4.7800000,4.8400000,4.7620000,4.8130000,25616800
20230112,000000,4.8200000,4.8730000,4.8000000,4.8170000,26105300
20230113,000000,4.8260000,4.8270000,4.7310000,4.7970000,22022300
20230116,000000,4.8070000,4.9110000,4.7980000,4.9040000,34190300
20230117,000000,4.9110000,4.9300000,4.7820000,4.8050000,38920900
20230118,000000,4.8020000,4.8330000,4.7400000,4.7970000,23169000
20230119,000000,4.8030000,4.8030000,4.6150000,4.6300000,33152000
20230120,000000,4.6410000,4.6810000,4.5770000,4.6750000,20255300
20230123,000000,4.6880000,4.7560000,4.6490000,4.7210000,14600400
20230124,000000,4.7200000,4.8180000,4.6880000,4.6900000,18667200
20230125,000000,4.7220000,4.7580000,4.6750000,4.7020000,14033900
20230126,000000,4.7170000,4.7570000,4.7060000,4.7370000,11188000
20230127,000000,4.7400000,4.7570000,4.7110000,4.7320000,10190800
20230130,000000,4.7560000,4.8620000,4.7560000,4.8240000,26662200
20230131,000000,4.8280000,4.9900000,4.8250000,4.9490000,58350200
20230201,000000,4.9650000,5.0690000,4.8000000,4.8800000,60752700
20230202,000000,4.9420000,5.0000000,4.8700000,4.9600000,29702700
20230203,000000,4.9630000,4.9670000,4.8500000,4.9220000,19080600
20230206,000000,4.9400000,5.0420000,4.9360000,5.0160000,33300100
20230207,000000,5.0340000,5.1000000,5.0160000,5.0800000,43752100
20230208,000000,5.0900000,5.1790000,5.0000000,5.0700000,52351600
20230209,000000,5.0870000,5.1600000,5.0100000,5.1580000,50923000
20230210,000000,5.1810000,5.4700000,5.1580000,5.2700000,351632500
20230213,000000,5.4190000,5.4400000,5.2210000,5.2800000,74358800
20230214,000000,5.2790000,5.2790000,5.0500000,5.0650000,56108700
20230215,000000,5.0600000,5.0600000,4.8840000,4.8990000,50875600
20230216,000000,4.9080000,5.0680000,4.9040000,5.0250000,33871700
20230217,000000,5.0360000,5.0550000,4.9750000,4.9890000,17751200
20230220,000000,4.9960000,5.0000000,4.8600000,4.9490000,29100800
20230221,000000,4.9390000,5.1490000,4.9000000,5.0120000,48342700
20230222,000000,5.0250000,5.1000000,5.0000000,5.0530000,19196000
20230224,000000,5.0690000,5.0900000,5.0150000,5.0400000,10190900
20230227,000000,5.0140000,5.1480000,4.9140000,5.1450000,31983600
20230228,000000,5.1500000,5.2380000,5.1300000,5.2080000,38378900
20230301,000000,5.2390000,5.2840000,5.2250000,5.2460000,24375200
20230302,000000,5.2600000,5.3000000,5.1710000,5.1830000,56498400
20230303,000000,5.2000000,5.2450000,5.1750000,5.1950000,16372200
20230306,000000,5.2390000,5.2500000,5.1900000,5.2000000,22047000
20230307,000000,5.1980000,5.2470000,5.1710000,5.2040000,20749400
20230309,000000,5.2180000,5.2330000,5.1910000,5.2000000,13700300
20230310,000000,5.1910000,5.2050000,5.1450000,5.1800000,17418700
20230313,000000,5.1810000,5.1990000,5.0700000,5.1100000,30764700
20230314,000000,5.0830000,5.2000000,5.0500000,5.1180000,32972500
20230315,000000,5.1430000,5.1650000,5.0610000,5.0840000,14292500
20230316,000000,5.1000000,5.1300000,5.0200000,5.0930000,20399500
20230317,000000,5.0830000,5.1210000,5.0710000,5.1010000,22871100
20230320,000000,5.1030000,5.2970000,5.0740000,5.2730000,58341800
20230321,000000,5.2730000,5.3290000,5.1450000,5.2560000,66766500
20230322,000000,5.2810000,5.3200000,5.2210000,5.2610000,37258700
20230323,000000,5.2600000,5.4940000,5.2560000,5.4390000,95334400
20230324,000000,5.4290000,5.4400000,5.3130000,5.3650000,60573700
20230327,000000,5.3790000,5.5700000,5.3650000,5.5320000,107267000
20230328,000000,5.5610000,5.6000000,5.4000000,5.4690000,67907400
20230329,000000,5.5000000,5.6100000,5.4210000,5.4730000,66681800
20230330,000000,5.5000000,5.5500000,5.4550000,5.5410000,48246200
20230331,000000,5.5450000,5.7490000,5.3530000,5.4250000,231459900
20230403,000000,5.4260000,5.4400000,5.3310000,5.3880000,83542500
20230404,000000,5.3950000,5.5240000,5.3310000,5.4230000,227097400
20230405,000000,5.4350000,5.5410000,5.3600000,5.4990000,65802300
20230406,000000,5.5020000,5.7350000,5.5000000,5.6520000,135362900
20230407,000000,5.6770000,5.7430000,5.6100000,5.6670000,73076800
20230410,000000,5.7340000,5.7500000,5.6600000,5.7020000,44300400
20230411,000000,5.7220000,5.7220000,5.5000000,5.5740000,84088200
20230412,000000,5.5890000,5.6860000,5.5890000,5.6420000,38801700
20230413,000000,5.6670000,5.6680000,5.5440000,5.6130000,21549300
20230414,000000,5.6140000,5.6200000,5.5520000,5.5980000,17256400
20230417,000000,5.6260000,5.7140000,5.6010000,5.6850000,37707700
20230418,000000,5.6940000,5.7150000,5.5800000,5.6680000,34089700
20230419,000000,5.6680000,5.6880000,5.5000000,5.5930000,39388700
20230420,000000,5.6050000,5.6320000,5.5360000,5.5920000,30128800
20230421,000000,5.6000000,5.6500000,5.5720000,5.6280000,26382200
20230424,000000,5.6590000,5.7100000,5.5840000,5.6770000,39052200
20230425,000000,5.6800000,5.7950000,5.6500000,5.7390000,91867900
20230426,000000,5.7490000,5.8200000,5.7000000,5.7200000,58293800
20230427,000000,5.7100000,5.7700000,5.6610000,5.7370000,43429800
20230428,000000,5.7600000,5.7630000,5.6210000,5.6710000,30611700
20230502,000000,5.6690000,5.6690000,5.3910000,5.4910000,50364400
20230503,000000,5.4900000,5.5000000,5.2000000,5.2280000,51413300
20230504,000000,5.2440000,5.3560000,5.2400000,5.3210000,34056300
20230505,000000,5.3290000,5.4800000,5.2000000,5.2580000,34312300
20230508,000000,5.2750000,5.3900000,5.2510000,5.3020000,13821700
20230510,000000,5.2910000,5.5740000,5.2910000,5.5620000,44962900
20230511,000000,5.5700000,5.6200000,5.3250000,5.4510000,61307400
20230512,000000,5.5040000,5.5960000,5.4580000,5.5280000,33738600
20230515,000000,5.5790000,5.6810000,5.5500000,5.6490000,51943100
20230516,000000,5.6820000,5.7000000,5.5810000,5.6710000,46786300
20230517,000000,5.6860000,5.6880000,5.6170000,5.6650000,19980500
20230518,000000,5.6970000,5.6970000,5.4730000,5.6190000,43296800
20230519,000000,5.6250000,5.6770000,5.3620000,5.5020000,99968900
20230522,000000,5.5600000,5.6000000,5.4300000,5.4680000,28469800
20230523,000000,5.4860000,5.4990000,5.3500000,5.4750000,47107800
20230524,000000,5.4570000,5.4900000,5.1160000,5.2140000,187564100
20230525,000000,5.2000000,5.2600000,5.0300000,5.1010000,121970100
20230526,000000,5.1050000,5.1690000,5.0720000,5.1150000,56916700
20230529,000000,5.1230000,5.1690000,5.0000000,5.0880000,79841800
20230530,000000,5.0980000,5.3290000,5.0900000,5.2240000,167060400
20230531,000000,5.2380000,5.2590000,5.1000000,5.1750000,60124100
20230601,000000,5.1810000,5.2150000,5.0940000,5.1220000,58700700
20230602,000000,5.1220000,5.2700000,5.0940000,5.1770000,56396700
20230605,000000,5.2360000,5.2380000,5.1030000,5.1600000,52585100
20230606,000000,5.1290000,5.1670000,5.1040000,5.1610000,23849300
20230607,000000,5.1870000,5.2040000,5.1360000,5.1830000,23875200
20230608,000000,5.1950000,5.2370000,5.1620000,5.2250000,37155800
20230609,000000,5.2400000,5.2440000,5.1640000,5.1750000,25125300
20230613,000000,5.2000000,5.3600000,5.1850000,5.3490000,92996700
20230614,000000,5.3620000,5.4290000,5.3250000,5.3900000,80710800
20230615,000000,5.3950000,5.4870000,5.3420000,5.4840000,79345400
20230616,000000,5.4990000,5.5200000,5.3720000,5.4740000,76007200
20230619,000000,5.4700000,5.5000000,5.3670000,5.4350000,55628000
20230620,000000,5.4480000,5.4480000,5.2250000,5.3780000,51412900
20230621,000000,5.3800000,5.4870000,5.3040000,5.3810000,60107900
20230622,000000,5.3850000,5.4000000,5.3110000,5.3350000,26363300
20230623,000000,5.3400000,5.3440000,5.1700000,5.2010000,66334300
20230626,000000,5.2640000,5.3460000,5.1720000,5.2830000,56660900
20230627,000000,5.2900000,5.3330000,5.2410000,5.2960000,25156000
20230628,000000,5.2960000,5.4440000,5.2830000,5.4230000,69406200
20230629,000000,5.4500000,5.7690000,5.4250000,5.6940000,345364300
20230630,000000,5.7000000,5.9870000,5.6410000,5.8450000,377136700
20230703,000000,5.8780000,6.0400000,5.7080000,5.9710000,246945300
20230704,000000,5.9730000,6.0460000,5.8020000,5.8180000,113881500
20230705,000000,5.8900000,6.1660000,5.8200000,6.1340000,306198600
20230706,000000,6.1740000,6.4230000,6.1610000,6.4020000,399679700
20230707,000000,6.4020000,6.4020000,6.1240000,6.1350000,214692700
20230710,000000,6.1830000,6.2830000,6.0530000,6.1450000,161206200
20230711,000000,6.1410000,6.1600000,5.9700000,6.0670000,127955400
20230712,000000,6.0650000,6.2880000,6.0330000,6.2610000,207221200
20230713,000000,6.2420000,6.3190000,6.1180000,6.1690000,126583600
20230714,000000,6.1750000,6.1810000,6.1100000,6.1420000,60011500
20230717,000000,6.1270000,6.2040000,6.1000000,6.1610000,64442600
20230718,000000,6.1800000,6.2500000,6.1430000,6.1810000,97670900
20230719,000000,6.2000000,6.2560000,6.1530000,6.1650000,81089800
20230720,000000,6.1760000,6.2390000,6.0540000,6.0620000,88563100
20230721,000000,6.0900000,6.1410000,5.9040000,6.0950000,81593500
20230724,000000,6.1210000,6.1890000,6.1000000,6.1260000,45265000
20230725,000000,6.1450000,6.4330000,6.1210000,6.4100000,314749400
20230726,000000,6.4330000,6.4470000,6.2510000,6.3200000,148566600
20230727,000000,6.3250000,6.3720000,6.2670000,6.2990000,60781100
20230728,000000,6.2780000,6.3670000,6.1560000,6.3050000,90940600
20230731,000000,6.3210000,6.5400000,6.3140000,6.5060000,189724200
20230801,000000,6.5150000,6.5600000,6.3700000,6.4800000,139704400
20230802,000000,6.4800000,6.4890000,6.3710000,6.4230000,108654100
20230803,000000,6.4590000,6.4590000,6.3750000,6.4330000,65830000
20230804,000000,6.4300000,6.4900000,5.9800000,6.2150000,211532300
20230807,000000,6.2300000,6.3510000,6.1300000,6.1630000,118574400
20230808,000000,6.1710000,6.2550000,6.0050000,6.1890000,90931100
20230809,000000,6.2300000,6.2570000,6.1140000,6.1920000,43918100
20230810,000000,6.2000000,6.2500000,6.1600000,6.2220000,46835100
20230811,000000,6.2400000,6.3000000,6.1870000,6.2750000,81888800
20230814,000000,6.3300000,6.5200000,6.0800000,6.1590000,337664600
20230815,000000,6.0790000,6.2500000,6.0080000,6.1230000,125143800
20230816,000000,6.1200000,6.1740000,5.8530000,5.9860000,137173800
20230817,000000,6.0600000,6.0950000,5.9010000,6.0000000,98129600
20230818,000000,6.0010000,6.0590000,5.9060000,6.0490000,71492800
20230821,000000,6.1000000,6.1610000,6.0540000,6.0900000,60898600
20230822,000000,6.1010000,6.1250000,6.0300000,6.0970000,56545300
20230823,000000,6.0980000,6.1560000,5.9120000,5.9580000,126752600
20230824,000000,5.9940000,6.0500000,5.9470000,6.0470000,39168200
20230825,000000,6.0390000,6.1090000,5.9980000,6.0300000,61152600
20230828,000000,6.0420000,6.1200000,6.0120000,6.0900000,72335500
20230829,000000,6.0110000,6.0460000,5.8930000,5.9430000,163871300
20230830,000000,5.9160000,5.9470000,5.8000000,5.8690000,129054000
20230831,000000,5.8700000,5.9830000,5.8240000,5.9170000,90438500
20230901,000000,5.9320000,5.9490000,5.8710000,5.8760000,40672800
20230904,000000,5.8760000,5.9850000,5.8710000,5.9200000,63111600
20230905,000000,5.9200000,5.9460000,5.8710000,5.8920000,46743200
20230906,000000,5.8910000,5.8920000,5.8040000,5.8380000,56715700
20230907,000000,5.8080000,5.8330000,5.6420000,5.6740000,163513800
20230908,000000,5.6800000,5.7360000,5.4080000,5.5400000,135047400
20230911,000000,5.5330000,5.5620000,5.4300000,5.4650000,70639500
20230912,000000,5.5390000,5.6430000,5.4700000,5.6250000,75388600
20230913,000000,5.6450000,5.6480000,5.5040000,5.5330000,39038600
20230914,000000,5.5390000,5.5400000,5.2360000,5.3650000,100649800
20230915,000000,5.3570000,5.5350000,5.3420000,5.4900000,51861300
20230918,000000,5.5310000,5.5550000,5.3730000,5.4160000,49957000
20230919,000000,5.4160000,5.4750000,5.2480000,5.2730000,92213200
20230920,000000,5.2910000,5.2930000,5.1000000,5.2540000,83659900
20230921,000000,5.2650000,5.2650000,5.1200000,5.1350000,40727000
20230922,000000,5.1200000,5.2040000,5.0770000,5.1580000,53437900
20230925,000000,5.1790000,5.1790000,5.0500000,5.0900000,57623000
20230926,000000,5.1000000,5.1980000,5.0320000,5.1700000,83954400
20230927,000000,5.2020000,5.2470000,5.0820000,5.1300000,117372600
20230928,000000,5.1450000,5.1730000,5.1000000,5.1660000,58618300
20230929,000000,5.1820000,5.1920000,5.1000000,5.1160000,55961300
20231002,000000,5.1540000,5.1850000,5.1020000,5.1700000,60859700
20231003,000000,5.1790000,5.2340000,5.1110000,5.1640000,78003000
20231004,000000,5.2000000,5.3400000,5.1570000,5.2950000,124610400
20231005,000000,5.2960000,5.4940000,5.2430000,5.4150000,226798700
20231006,000000,5.4200000,5.4600000,5.3400000,5.3890000,59127100
20231009,000000,5.4140000,5.4440000,5.3600000,5.3690000,39697700
20231010,000000,5.3750000,5.3990000,5.3050000,5.3540000,42560600
20231011,000000,5.3690000,5.3830000,5.2000000,5.2270000,66050800
20231012,000000,5.1990000,5.3100000,5.1600000,5.2690000,67977700
20231013,000000,5.2600000,5.3590000,5.2530000,5.2800000,50504600
20231016,000000,5.3320000,5.3800000,5.2800000,5.3500000,58941300
20231017,000000,5.3480000,5.3500000,5.2920000,5.3100000,37543300
